timestamp,host,model,orbit,propMin,n,train_ratio,train_timesteps,n_epochs,lr,batch,float32,jetson,train_s,test_s
2026-10-05T13:25:18,hunter-jetson,lstm,heo,1750,3000,0.1,70,10,0.01,2400,False,True,2318.2940,126.5282
2026-10-05T14:10:03,hunter-jetson,lstm,heo,1750,3000,0.1,70,10,0.01,2400,False,True,2292.4962,120.4535
2026-10-05T14:54:26,hunter-jetson,lstm,heo,1750,3000,0.1,70,10,0.01,2400,False,True,2255.6356,116.9858
2026-10-05T15:39:40,hunter-jetson,lstm,heo,1750,3000,0.1,70,10,0.01,2400,False,True,2302.0984,125.9156
2026-10-05T16:24:35,hunter-jetson,lstm,heo,1750,3000,0.1,70,10,0.01,2400,False,True,2288.6296,121.3558
2026-10-05T17:09:42,hunter-jetson,lstm,heo,1750,3000,0.1,70,10,0.01,2400,False,True,2311.2656,115.2801
2026-10-05T17:55:24,hunter-jetson,lstm,heo,1750,3000,0.1,70,10,0.01,2400,False,True,2324.4298,144.0777
2026-10-05T18:40:16,hunter-jetson,lstm,heo,1750,3000,0.1,70,10,0.01,2400,False,True,2292.9313,120.8467
2026-10-05T19:25:42,hunter-jetson,lstm,heo,1750,3000,0.1,70,10,0.01,2400,False,True,2318.1093,125.3413
2026-10-05T20:10:48,hunter-jetson,lstm,heo,1750,3000,0.1,70,10,0.01,2400,False,True,2304.4252,117.0261
2026-10-05T20:56:09,hunter-jetson,lstm,heo,1750,3000,0.1,70,10,0.01,2400,False,True,2296.1031,136.6544
2026-10-05T21:41:19,hunter-jetson,lstm,heo,1750,3000,0.1,70,10,0.01,2400,False,True,2317.2231,105.5299
2026-10-05T22:28:05,hunter-jetson,lstm,heo,1750,3000,0.1,70,10,0.01,2400,False,True,2411.7610,132.2032
2026-10-05T23:12:05,hunter-jetson,lstm,heo,1750,3000,0.1,70,10,0.01,2400,False,True,2226.7254,129.9111
2026-10-05T23:56:16,hunter-jetson,lstm,heo,1750,3000,0.1,70,10,0.01,2400,False,True,2250.6648,116.1127
2026-10-06T00:44:36,hunter-jetson,lstm,heo,1750,3000,0.1,70,10,0.01,2400,False,True,2480.9930,147.0827
2026-10-06T01:29:58,hunter-jetson,lstm,heo,1750,3000,0.1,70,10,0.01,2400,False,True,2308.7759,125.3964
2026-10-06T02:16:47,hunter-jetson,lstm,heo,1750,3000,0.1,70,10,0.01,2400,False,True,2400.9893,127.0080
2026-10-06T03:03:59,hunter-jetson,lstm,heo,1750,3000,0.1,70,10,0.01,2400,False,True,2422.8917,130.2003
2026-10-06T03:50:03,hunter-jetson,lstm,heo,1750,3000,0.1,70,10,0.01,2400,False,True,2344.2282,125.6441
